rider_id,rider_name,store_id,shift,vehicle_type,employment_type,rating
1,Sumit Mishra,18,Afternoon,Scooter,Full-Time,4.5
2,Gaurav Pal,17,Evening,EV,Full-Time,4.9
3,Mohit Saini,17,Afternoon,Bike,Part-Time,4.3
4,Arjun Chauhan,12,Evening,EV,Part-Time,4.4
5,Sumit Patel,20,Morning,EV,Part-Time,4.0
6,Pankaj Thakur,6,Afternoon,Bike,Full-Time,4.3
7,Vivek Pal,14,Morning,Bike,Part-Time,4.5
8,Rohit Meena,4,Evening,EV,Part-Time,3.8
9,Abhishek Meena,11,Morning,Bike,Part-Time,4.2
10,Deepak Mishra,4,Afternoon,EV,Part-Time,3.9
11,Mohit Mishra,20,Afternoon,Scooter,Part-Time,3.8
12,Abhishek Mishra,19,Morning,EV,Full-Time,4.6
13,Deepak Jha,13,Evening,Bike,Part-Time,4.7
14,Manish Gupta,2,Morning,EV,Full-Time,4.0
15,Manish Mishra,20,Evening,Scooter,Full-Time,4.1
16,Vikas Gupta,20,Evening,EV,Part-Time,4.8
17,Karan Thakur,11,Morning,EV,Part-Time,4.7
18,Pankaj Kumar,12,Evening,Scooter,Full-Time,4.1
19,Gaurav Singh,12,Morning,Scooter,Part-Time,4.7
20,Arjun Meena,2,Evening,Scooter,Part-Time,4.6
21,Arjun Patel,15,Morning,EV,Full-Time,4.5
22,Sandeep Kumar,7,Afternoon,Scooter,Part-Time,3.9
23,Ajay Yadav,6,Afternoon,Bike,Part-Time,4.6
24,Mohit Verma,2,Morning,EV,Part-Time,4.1
25,Rahul Patel,11,Afternoon,EV,Full-Time,5.0
26,Sachin Meena,20,Morning,Scooter,Full-Time,4.6
27,Gaurav Pal,18,Afternoon,Scooter,Full-Time,3.9
28,Ankit Singh,2,Afternoon,Bike,Part-Time,4.3
29,Abhishek Thakur,8,Afternoon,EV,Full-Time,4.6
30,Ashish Thakur,17,Evening,EV,Part-Time,4.0
31,Rahul Meena,9,Evening,Bike,Part-Time,4.2
32,Rohit Singh,10,Morning,Scooter,Full-Time,4.3
33,Ajay Gupta,13,Afternoon,EV,Full-Time,4.7
34,Mohit Gupta,2,Morning,Scooter,Full-Time,4.6
35,Sandeep Saini,5,Afternoon,Scooter,Full-Time,3.9
36,Sandeep Thakur,1,Evening,Scooter,Part-Time,4.0
37,Gaurav Gupta,5,Evening,Scooter,Part-Time,4.1
38,Ajay Thakur,7,Afternoon,Scooter,Part-Time,4.2
39,Ajay Verma,12,Afternoon,EV,Part-Time,4.8
40,Manish Thakur,6,Afternoon,Scooter,Part-Time,4.0
41,Deepak Sharma,12,Evening,EV,Full-Time,4.5
42,Abhishek Thakur,18,Evening,Scooter,Full-Time,4.9
43,Rahul Pandey,11,Evening,Scooter,Full-Time,4.7
44,Vikas Pandey,6,Afternoon,Scooter,Full-Time,4.7
45,Deepak Jha,2,Evening,Scooter,Full-Time,4.4
46,Sachin Chauhan,1,Evening,Bike,Part-Time,4.0
47,Ashish Pal,10,Afternoon,EV,Part-Time,4.5
48,Karan Singh,19,Evening,Bike,Full-Time,5.0
49,Ashish Chauhan,10,Morning,EV,Part-Time,4.6
50,Vikas Singh,2,Afternoon,Scooter,Full-Time,5.0
51,Vikas Thakur,10,Afternoon,Bike,Full-Time,3.9
52,Amit Jha,6,Afternoon,Scooter,Part-Time,4.3
53,Rahul Pandey,7,Evening,EV,Full-Time,4.3
54,Ashish Meena,2,Evening,Scooter,Part-Time,4.7
55,Ajay Patel,20,Evening,EV,Full-Time,4.0
56,Rahul Jha,14,Evening,EV,Part-Time,4.2
57,Ashish Yadav,1,Evening,EV,Part-Time,4.6
58,Karan Saini,20,Afternoon,Scooter,Full-Time,3.9
59,Deepak Meena,17,Evening,EV,Full-Time,4.8
60,Arjun Mishra,6,Evening,Bike,Part-Time,4.3
61,Deepak Singh,13,Evening,Scooter,Part-Time,4.6
62,Amit Meena,15,Evening,Scooter,Full-Time,4.9
63,Sumit Pal,4,Afternoon,EV,Part-Time,3.9
64,Sachin Yadav,11,Evening,EV,Full-Time,4.7
65,Pankaj Mishra,13,Afternoon,Bike,Part-Time,4.1
66,Mohit Gupta,2,Afternoon,EV,Full-Time,4.6
67,Ashish Mishra,10,Afternoon,Bike,Full-Time,4.9
68,Pankaj Jha,14,Evening,Scooter,Part-Time,4.4
69,Arjun Pal,3,Evening,Bike,Full-Time,4.8
70,Sachin Kumar,4,Morning,Bike,Full-Time,4.0
71,Mohit Saini,6,Afternoon,EV,Part-Time,4.7
72,Ajay Pal,20,Afternoon,Bike,Full-Time,3.8
73,Sumit Singh,2,Evening,EV,Full-Time,3.8
74,Mohit Verma,7,Evening,Scooter,Part-Time,4.6
75,Rahul Gupta,7,Morning,Scooter,Full-Time,4.8
76,Vikas Gupta,5,Morning,EV,Part-Time,4.1
77,Gaurav Yadav,4,Evening,Scooter,Full-Time,4.7
78,Abhishek Gupta,10,Afternoon,EV,Full-Time,4.2
79,Abhishek Yadav,20,Afternoon,EV,Full-Time,4.0
80,Manish Sharma,6,Morning,Scooter,Part-Time,4.1
81,Sandeep Singh,1,Evening,Bike,Part-Time,4.1
82,Nitin Sharma,20,Afternoon,Bike,Full-Time,4.1
83,Karan Pal,7,Afternoon,Scooter,Part-Time,4.1
84,Arjun Gupta,20,Morning,EV,Full-Time,4.5
85,Sandeep Pal,12,Afternoon,EV,Part-Time,4.1
86,Nitin Verma,12,Afternoon,Bike,Part-Time,4.1
87,Arjun Chauhan,3,Afternoon,Scooter,Part-Time,4.5
88,Nitin Chauhan,1,Afternoon,Scooter,Full-Time,4.8
89,Mohit Jha,19,Evening,Scooter,Part-Time,4.0
90,Gaurav Jha,6,Afternoon,EV,Full-Time,4.7
91,Gaurav Singh,19,Afternoon,Bike,Part-Time,4.9
92,Ajay Jha,1,Afternoon,Scooter,Full-Time,4.4
93,Amit Saini,20,Morning,Scooter,Part-Time,4.4
94,Manish Patel,3,Evening,EV,Part-Time,4.4
95,Sandeep Sharma,10,Evening,Bike,Full-Time,4.0
96,Ajay Patel,9,Afternoon,Scooter,Full-Time,4.3
97,Rohit Singh,19,Afternoon,EV,Part-Time,3.9
98,Manish Yadav,2,Afternoon,Scooter,Full-Time,4.5
99,Abhishek Patel,2,Evening,Bike,Full-Time,4.6
100,Mohit Thakur,19,Morning,Scooter,Full-Time,5.0
101,Gaurav Gupta,7,Evening,EV,Part-Time,4.5
102,Rohit Thakur,10,Evening,EV,Part-Time,3.9
103,Gaurav Singh,11,Morning,Bike,Full-Time,4.0
104,Mohit Sharma,11,Afternoon,EV,Part-Time,5.0
105,Mohit Verma,18,Evening,Scooter,Full-Time,4.6
106,Ankit Thakur,17,Evening,Scooter,Full-Time,4.9
107,Vikas Pal,19,Evening,Bike,Full-Time,3.9
108,Ankit Sharma,7,Evening,Bike,Full-Time,4.0
109,Sachin Chauhan,2,Afternoon,EV,Full-Time,3.8
110,Sandeep Meena,19,Evening,Bike,Part-Time,4.4
111,Abhishek Mishra,6,Evening,EV,Part-Time,4.9
112,Nitin Pal,2,Afternoon,Bike,Part-Time,4.0
113,Rohit Pandey,19,Afternoon,EV,Part-Time,4.8
114,Karan Chauhan,1,Evening,Bike,Full-Time,4.9
115,Ankit Mishra,12,Morning,EV,Part-Time,4.2
116,Vivek Pal,13,Morning,EV,Full-Time,4.4
117,Abhishek Chauhan,18,Evening,Bike,Full-Time,4.5
118,Nitin Pal,19,Evening,Bike,Part-Time,4.8
119,Karan Patel,20,Evening,Bike,Full-Time,3.9
120,Mohit Saini,8,Afternoon,Bike,Part-Time,4.9
121,Rohit Kumar,1,Morning,Bike,Part-Time,4.9
122,Nitin Thakur,10,Evening,Scooter,Part-Time,4.3
123,Ankit Pandey,5,Afternoon,Bike,Full-Time,4.9
124,Ajay Saini,20,Evening,Bike,Part-Time,4.9
125,Amit Pal,4,Morning,Bike,Part-Time,4.6
126,Pankaj Thakur,10,Afternoon,EV,Part-Time,4.6
127,Vikas Jha,20,Morning,EV,Part-Time,4.4
128,Abhishek Saini,8,Evening,EV,Part-Time,4.7
129,Pankaj Gupta,10,Afternoon,Scooter,Full-Time,4.6
130,Sachin Gupta,14,Evening,EV,Full-Time,4.3
131,Amit Kumar,14,Morning,EV,Part-Time,4.9
132,Arjun Singh,14,Evening,EV,Part-Time,4.7
133,Abhishek Kumar,9,Evening,EV,Part-Time,4.8
134,Arjun Pandey,17,Morning,Bike,Part-Time,4.4
135,Ankit Singh,12,Morning,Bike,Full-Time,4.3
136,Vikas Saini,2,Afternoon,Scooter,Part-Time,4.3
137,Ajay Mishra,1,Morning,Scooter,Part-Time,4.9
138,Ajay Thakur,10,Morning,Scooter,Part-Time,4.7
139,Sumit Jha,20,Morning,Scooter,Part-Time,4.4
140,Sachin Patel,18,Evening,EV,Full-Time,4.9
141,Pankaj Kumar,15,Evening,Bike,Full-Time,4.7
142,Deepak Verma,3,Afternoon,EV,Full-Time,5.0
143,Vivek Sharma,19,Morning,Scooter,Full-Time,4.3
144,Vikas Mishra,9,Evening,Bike,Part-Time,4.4
145,Karan Gupta,10,Afternoon,Bike,Part-Time,4.1
146,Ankit Patel,12,Evening,Scooter,Full-Time,5.0
147,Mohit Verma,17,Evening,EV,Part-Time,4.5
148,Ankit Chauhan,12,Evening,Scooter,Part-Time,4.1
149,Deepak Pal,19,Morning,Bike,Part-Time,4.4
150,Nitin Jha,20,Evening,Scooter,Full-Time,5.0
151,Vivek Mishra,5,Morning,EV,Full-Time,4.3
152,Karan Pandey,8,Morning,EV,Part-Time,4.7
153,Nitin Meena,5,Afternoon,Scooter,Full-Time,4.8
154,Rohit Chauhan,13,Afternoon,EV,Part-Time,4.1
155,Pankaj Kumar,16,Afternoon,EV,Part-Time,4.2
156,Ajay Jha,15,Morning,Scooter,Part-Time,4.3
157,Sumit Pandey,4,Afternoon,Bike,Part-Time,4.2
158,Ashish Verma,7,Afternoon,Bike,Part-Time,4.4
159,Manish Meena,3,Afternoon,Scooter,Full-Time,4.0
160,Manish Mishra,19,Morning,Scooter,Full-Time,4.7
161,Ashish Singh,13,Morning,Scooter,Full-Time,4.3
162,Mohit Kumar,7,Evening,EV,Full-Time,4.6
163,Deepak Gupta,15,Afternoon,Bike,Full-Time,4.2
164,Nitin Sharma,9,Morning,Bike,Full-Time,4.6
165,Amit Singh,6,Morning,Scooter,Full-Time,4.1
166,Ashish Yadav,13,Morning,Scooter,Full-Time,4.5
167,Sachin Thakur,4,Morning,EV,Part-Time,4.6
168,Sandeep Verma,18,Evening,EV,Part-Time,3.8
169,Arjun Pal,14,Evening,Scooter,Part-Time,4.4
170,Sachin Thakur,5,Afternoon,Bike,Part-Time,4.2
171,Amit Kumar,16,Evening,Scooter,Full-Time,4.9
172,Ankit Gupta,18,Evening,Bike,Part-Time,4.1
173,Sachin Thakur,10,Evening,Scooter,Full-Time,4.8
174,Arjun Jha,13,Evening,EV,Full-Time,3.8
175,Gaurav Kumar,4,Morning,Scooter,Full-Time,4.5
176,Amit Patel,20,Evening,EV,Part-Time,4.5
177,Deepak Pal,19,Afternoon,Scooter,Part-Time,3.9
178,Vivek Pandey,10,Morning,EV,Full-Time,4.7
179,Rahul Yadav,16,Afternoon,Bike,Part-Time,4.5
180,Karan Jha,15,Morning,Scooter,Part-Time,4.1
181,Sachin Pandey,6,Evening,EV,Part-Time,4.0
182,Vivek Pandey,19,Afternoon,Scooter,Full-Time,4.7
183,Manish Kumar,10,Afternoon,Bike,Part-Time,4.3
184,Sandeep Pandey,11,Evening,Scooter,Part-Time,4.3
185,Vivek Chauhan,19,Morning,Scooter,Full-Time,4.9
186,Arjun Pandey,3,Afternoon,EV,Full-Time,4.5
187,Sachin Patel,15,Afternoon,Scooter,Part-Time,4.0
188,Sachin Saini,2,Afternoon,EV,Part-Time,4.5
189,Rohit Thakur,2,Afternoon,EV,Part-Time,4.1
190,Vikas Mishra,16,Morning,EV,Full-Time,4.8
191,Pankaj Pal,6,Morning,Scooter,Full-Time,4.0
192,Nitin Gupta,18,Evening,EV,Part-Time,5.0
193,Sumit Patel,5,Evening,Scooter,Part-Time,4.2
194,Abhishek Singh,12,Evening,EV,Full-Time,4.8
195,Ashish Saini,19,Afternoon,EV,Full-Time,4.3
196,Nitin Chauhan,10,Afternoon,EV,Full-Time,4.0
197,Vikas Verma,14,Evening,Bike,Part-Time,3.9
198,Karan Meena,9,Evening,Scooter,Part-Time,4.8
199,Ajay Verma,16,Afternoon,Scooter,Part-Time,4.4
200,Manish Singh,19,Evening,EV,Part-Time,3.9
